{
    "Train": {
        "H@1": 0.00909985243482538,
        "H@3": 0.028775209050664042,
        "H@10": 0.08878504672897196,
        "MRR": 0.04450029738099667
    }
}