{
    "Train": {
        "H@1": 0.03910477127397934,
        "H@3": 0.103049680275455,
        "H@10": 0.2511067388096409,
        "MRR": 0.10838679296481905
    }
}