{
    "num_train_triples": 4066,
    "num_entities": 231,
    "num_relations": 12,
    "EstimatedSizeMB": 0.007415771484375,
    "NumParam": 7776,
    "path_experiment_folder": "/Users/sourabh/dice-embeddings/Experiments/2023-04-29 17:51:35.951223",
    "Runtime": 2.513474941253662
}