{
    "Train": {
        "H@1": 0.008052147239263804,
        "H@3": 0.043328220858895705,
        "H@10": 0.09614647239263803,
        "MRR": 0.05398102548940812
    },
    "Val": {
        "H@1": 0.015337423312883436,
        "H@3": 0.05674846625766871,
        "H@10": 0.11886503067484662,
        "MRR": 0.06260286110630238
    },
    "Test": {
        "H@1": 0.00680786686838124,
        "H@3": 0.04311649016641452,
        "H@10": 0.09909228441754916,
        "MRR": 0.052278604901524944
    }
}