{
    "num_train_triples": 5216,
    "num_entities": 135,
    "num_relations": 46,
    "EstimatedSizeMB": 0.005523681640625,
    "NumParam": 5792,
    "path_experiment_folder": "/Users/sourabh/dice-embeddings/Experiments/2023-04-29 17:54:21.244301",
    "Runtime": 7.918617010116577
}