{
    "num_train_triples": 10432,
    "num_entities": 135,
    "num_relations": 92,
    "EstimatedSizeMB": 0.07007598876953125,
    "NumParam": 73216,
    "path_experiment_folder": "/Users/sourabh/dice-embeddings/Experiments/2023-04-29 17:54:03.035968",
    "Runtime": 5.923809766769409
}