{
    "Train": {
        "H@1": 0.5548312883435583,
        "H@3": 0.723542944785276,
        "H@10": 0.8604294478527608,
        "MRR": 0.66205034221951
    },
    "Val": {
        "H@1": 0.4432515337423313,
        "H@3": 0.6395705521472392,
        "H@10": 0.8013803680981595,
        "MRR": 0.5682247297625385
    },
    "Test": {
        "H@1": 0.44251134644478063,
        "H@3": 0.6361573373676248,
        "H@10": 0.81089258698941,
        "MRR": 0.5684876916371098
    }
}