{
    "num_train_triples": 10432,
    "num_entities": 135,
    "num_relations": 92,
    "EstimatedSizeMB": 0.13260650634765625,
    "NumParam": 138784,
    "path_experiment_folder": "C:\\dice-embeddings/Experiments/2023-04-28 16_09_31.888513",
    "Runtime": 35.14591646194458
}