{
    "Train": {
        "H@1": 0.38190184049079756,
        "H@3": 0.5587615030674846,
        "H@10": 0.7910276073619632,
        "MRR": 0.509074229358072
    },
    "Val": {
        "H@1": 0.3351226993865031,
        "H@3": 0.5437116564417178,
        "H@10": 0.7699386503067485,
        "MRR": 0.4740400047652568
    },
    "Test": {
        "H@1": 0.329803328290469,
        "H@3": 0.518910741301059,
        "H@10": 0.7753403933434191,
        "MRR": 0.4666024167848396
    }
}