{
    "num_train_triples": 10432,
    "num_entities": 135,
    "num_relations": 92,
    "EstimatedSizeMB": 0.013790130615234375,
    "NumParam": 14460,
    "path_experiment_folder": "/Users/sourabh/dice-embeddings/Experiments/2023-04-29 17:53:10.427165",
    "Runtime": 9.774230003356934
}