{
    "num_train_triples": 5216,
    "num_entities": 135,
    "num_relations": 46,
    "EstimatedSizeMB": 0.06867218017578125,
    "NumParam": 71744,
    "path_experiment_folder": "/Users/sourabh/dice-embeddings/Experiments/2023-04-29 17:55:01.158345",
    "Runtime": 17.27115273475647
}