{
    "Train": {
        "H@1": 0.019651073619631903,
        "H@3": 0.061637269938650305,
        "H@10": 0.1526073619631902,
        "MRR": 0.07752478763841389
    },
    "Val": {
        "H@1": 0.02223926380368098,
        "H@3": 0.059049079754601226,
        "H@10": 0.15720858895705522,
        "MRR": 0.07884633219692733
    },
    "Test": {
        "H@1": 0.01361573373676248,
        "H@3": 0.056732223903177004,
        "H@10": 0.15279878971255673,
        "MRR": 0.0727862571736909
    }
}