{
    "num_train_triples": 10432,
    "num_entities": 135,
    "num_relations": 92,
    "EstimatedSizeMB": 0.07007598876953125,
    "NumParam": 73216,
    "path_experiment_folder": "/Users/sourabh/dice-embeddings/Experiments/2023-04-29 17:53:29.034792",
    "Runtime": 4.926318168640137
}