{
    "Train": {
        "H@1": 0.011886503067484663,
        "H@3": 0.04447852760736196,
        "H@10": 0.09930981595092024,
        "MRR": 0.056626976792147975
    },
    "Val": {
        "H@1": 0.009202453987730062,
        "H@3": 0.039110429447852764,
        "H@10": 0.08512269938650306,
        "MRR": 0.049828153260557805
    },
    "Test": {
        "H@1": 0.0045385779122541605,
        "H@3": 0.03555219364599092,
        "H@10": 0.07866868381240545,
        "MRR": 0.04622506771765896
    }
}