{
    "Train": {
        "H@1": 0.9403757668711656,
        "H@3": 0.9908934049079755,
        "H@10": 0.9981786809815951,
        "MRR": 0.9660662980866938
    },
    "Val": {
        "H@1": 0.7308282208588958,
        "H@3": 0.901840490797546,
        "H@10": 0.9700920245398773,
        "MRR": 0.824932658261057
    },
    "Test": {
        "H@1": 0.7322239031770046,
        "H@3": 0.9205748865355522,
        "H@10": 0.972768532526475,
        "MRR": 0.8303475650343585
    }
}