{
    "num_train_triples": 10432,
    "num_entities": 135,
    "num_relations": 92,
    "EstimatedSizeMB": 0.0148468017578125,
    "NumParam": 15544,
    "path_experiment_folder": "/Users/sourabh/dice-embeddings/Experiments/2023-05-04 10:44:00.028512",
    "Runtime": 23.287004947662354
}