{
    "Train": {
        "H@1": 0.029524539877300613,
        "H@3": 0.08330138036809816,
        "H@10": 0.1664110429447853,
        "MRR": 0.08765518673314489
    },
    "Val": {
        "H@1": 0.014570552147239263,
        "H@3": 0.0598159509202454,
        "H@10": 0.13803680981595093,
        "MRR": 0.06821634126290502
    },
    "Test": {
        "H@1": 0.02798789712556732,
        "H@3": 0.0832072617246596,
        "H@10": 0.1475037821482602,
        "MRR": 0.08400550862723737
    }
}