{
    "Train": {
        "H@1": 0.009777607361963191,
        "H@3": 0.048983895705521474,
        "H@10": 0.10947085889570553,
        "MRR": 0.05748796697436585
    },
    "Val": {
        "H@1": 0.011503067484662576,
        "H@3": 0.04447852760736196,
        "H@10": 0.1111963190184049,
        "MRR": 0.05621723911824989
    },
    "Test": {
        "H@1": 0.00680786686838124,
        "H@3": 0.048411497730711045,
        "H@10": 0.11346444780635401,
        "MRR": 0.05652118079246259
    }
}